<?xml version="1.0" encoding="UTF-8"?>
<project-private xmlns="http://www.netbeans.org/ns/project-private/1">
    <editor-bookmarks xmlns="http://www.netbeans.org/ns/editor-bookmarks/2" lastBookmarkId="0"/>
    <open-files xmlns="http://www.netbeans.org/ns/projectui-open-files/2">
        <group>
            <file>file:/C:/Users/coned/Documents/NetBeansProjects/DentistOffice/web/DDisplayAppointment.jsp</file>
            <file>file:/C:/Users/coned/Documents/NetBeansProjects/DentistOffice/src/java/UpdatePDetailsServlet.java</file>
            <file>file:/C:/Users/coned/Documents/NetBeansProjects/DentistOffice/web/UpdatePDetails.jsp</file>
            <file>file:/C:/Users/coned/Documents/NetBeansProjects/DentistOffice/src/java/AddAppointmentServlet.java</file>
            <file>file:/C:/Users/coned/Documents/NetBeansProjects/DentistOffice/src/java/DentistLoginServlet.java</file>
            <file>file:/C:/Users/coned/Documents/NetBeansProjects/DentistOffice/web/PDisplayAppointment.jsp</file>
            <file>file:/C:/Users/coned/Documents/NetBeansProjects/DentistOffice/web/UpdateAppointment.jsp</file>
            <file>file:/C:/Users/coned/Documents/NetBeansProjects/DentistOffice/web/AddAppointment.jsp</file>
            <file>file:/C:/Users/coned/Documents/NetBeansProjects/DentistOffice/src/java/UpdateAppointment.java</file>
            <file>file:/C:/Users/coned/Documents/NetBeansProjects/DentistOffice/web/PatientDetails.jsp</file>
        </group>
    </open-files>
</project-private>
